{"cameraMode":{"drawMode":0,"name":"Shaded","section":"Shading Mode"},"sceneLighting":true,"audioPlay":false,"sceneViewState":{"showFog":true,"showMaterialUpdate":false,"showSkybox":true,"showFlares":true,"showImageEffects":true,"showParticleSystems":true},"in2DMode":false,"pivot":{"x":0.4996514618396759,"y":1.3545215129852296,"z":0.04927933216094971},"rotation":{"x":0.02698875591158867,"y":0.023989470675587655,"z":-0.0006476361304521561,"w":0.9993530511856079},"size":0.5793741941452026,"orthographic":false}