{"cameraMode":{"drawMode":0,"name":"Shaded","section":"Shading Mode"},"sceneLighting":true,"audioPlay":false,"sceneViewState":{"showFog":true,"showMaterialUpdate":false,"showSkybox":true,"showFlares":true,"showImageEffects":true,"showParticleSystems":true},"in2DMode":false,"pivot":{"x":-0.05211171507835388,"y":1.6423944234848023,"z":0.09140542149543762},"rotation":{"x":0.02698875591158867,"y":0.023989470675587655,"z":-0.0006476361304521561,"w":0.9993530511856079},"size":0.2793741822242737,"orthographic":false}