{"cameraMode":{"drawMode":0,"name":"Shaded","section":"Shading Mode"},"sceneLighting":false,"audioPlay":false,"sceneViewState":{"showFog":true,"showMaterialUpdate":false,"showSkybox":false,"showFlares":true,"showImageEffects":true,"showParticleSystems":true},"in2DMode":false,"pivot":{"x":0.0,"y":0.4849996566772461,"z":0.4154999852180481},"rotation":{"x":0.02698875591158867,"y":0.023989470675587655,"z":-0.0006476361304521561,"w":0.9993530511856079},"size":5.483572006225586,"orthographic":false}